[
  {
    "id": "c7cab87d-3675-49a7-a5c5-38be6bf52823",
    "data": [
      {
        "text": "close the ",
        "userDefined": false
      },
      {
        "text": "item",
        "alias": "Item",
        "meta": "@Item",
        "userDefined": true
      }
    ],
    "isTemplate": false,
    "count": 0,
    "updated": 1532496169
  },
  {
    "id": "79318676-9cd2-48b7-b812-ae3bfaad2113",
    "data": [
      {
        "text": "shut the ",
        "userDefined": false
      },
      {
        "text": "item",
        "alias": "Item",
        "meta": "@Item",
        "userDefined": true
      }
    ],
    "isTemplate": false,
    "count": 0,
    "updated": 1532496169
  }
]