[
  {
    "id": "23937f4e-a498-4b3a-89c5-ea81a5b7cc9d",
    "data": [
      {
        "text": "drop the ",
        "userDefined": false
      },
      {
        "text": "item",
        "alias": "Item",
        "meta": "@Item",
        "userDefined": true
      },
      {
        "text": " in the ",
        "userDefined": false
      },
      {
        "text": "item",
        "alias": "Item1",
        "meta": "@Item",
        "userDefined": true
      }
    ],
    "isTemplate": false,
    "count": 0,
    "updated": 1532558127
  },
  {
    "id": "c3e2887b-ab0a-4173-a7f8-5e22aac52c54",
    "data": [
      {
        "text": "put the ",
        "userDefined": false
      },
      {
        "text": "item",
        "alias": "Item",
        "meta": "@Item",
        "userDefined": true
      },
      {
        "text": " in the ",
        "userDefined": false
      },
      {
        "text": "item",
        "alias": "Item1",
        "meta": "@Item",
        "userDefined": true
      }
    ],
    "isTemplate": false,
    "count": 0,
    "updated": 1532558127
  },
  {
    "id": "f6ab3ac7-7e11-476c-8228-8f2fb3942fa8",
    "data": [
      {
        "text": "drop the ",
        "userDefined": false
      },
      {
        "text": "item",
        "alias": "Item",
        "meta": "@Item",
        "userDefined": true
      }
    ],
    "isTemplate": false,
    "count": 0,
    "updated": 1532558127
  },
  {
    "id": "fe621dbb-28f8-4fca-84b3-74ac3fdaad46",
    "data": [
      {
        "text": "drop ",
        "userDefined": false
      },
      {
        "text": "item",
        "alias": "Item",
        "meta": "@Item",
        "userDefined": true
      }
    ],
    "isTemplate": false,
    "count": 0,
    "updated": 1532558127
  },
  {
    "id": "fdfac5e2-c849-4dcd-9dba-e1b1cd50ffdc",
    "data": [
      {
        "text": "put the ",
        "userDefined": false
      },
      {
        "text": "item",
        "alias": "Item",
        "meta": "@Item",
        "userDefined": true
      },
      {
        "text": " ",
        "userDefined": false
      },
      {
        "text": "on",
        "meta": "@sys.ignore",
        "userDefined": true
      },
      {
        "text": " the item",
        "userDefined": false
      }
    ],
    "isTemplate": false,
    "count": 0,
    "updated": 1532558127
  }
]