[
  {
    "id": "a01b38cc-eeaa-4c2e-a566-0a62db21d5b7",
    "data": [
      {
        "text": "exit",
        "userDefined": false
      }
    ],
    "isTemplate": false,
    "count": 0,
    "updated": 1533038720
  },
  {
    "id": "62196cbb-7a15-4fdd-b32e-eeaad674a50b",
    "data": [
      {
        "text": "escape",
        "userDefined": false
      }
    ],
    "isTemplate": false,
    "count": 0,
    "updated": 1533036914
  },
  {
    "id": "79ec1daa-4371-4122-869f-b7009191f42b",
    "data": [
      {
        "text": "leave the ",
        "userDefined": false
      },
      {
        "text": "item",
        "alias": "Item",
        "meta": "@Item",
        "userDefined": true
      }
    ],
    "isTemplate": false,
    "count": 0,
    "updated": 1533038720
  },
  {
    "id": "2a7bdbb0-1d6a-4594-865e-9cda68d0773f",
    "data": [
      {
        "text": "leave",
        "userDefined": false
      }
    ],
    "isTemplate": false,
    "count": 0,
    "updated": 1533036914
  },
  {
    "id": "efb95bf4-f95f-4770-8b67-ddaba6f50df4",
    "data": [
      {
        "text": "exit the ",
        "userDefined": false
      },
      {
        "text": "item",
        "alias": "Item",
        "meta": "@Item",
        "userDefined": true
      }
    ],
    "isTemplate": false,
    "count": 0,
    "updated": 1533038720
  }
]