[
  {
    "id": "b751393f-8f8b-4ca1-931e-7c1af4e86540",
    "data": [
      {
        "text": "score",
        "userDefined": false
      }
    ],
    "isTemplate": false,
    "count": 0,
    "updated": 1533037002
  },
  {
    "id": "7852c156-05aa-4665-921a-be86b8e8963b",
    "data": [
      {
        "text": "Show the score",
        "userDefined": false
      }
    ],
    "isTemplate": false,
    "count": 0,
    "updated": 1533037002
  },
  {
    "id": "e38fbfbc-5cda-4fd2-b9e8-12363d2117b8",
    "data": [
      {
        "text": "How many points?",
        "userDefined": false
      }
    ],
    "isTemplate": false,
    "count": 0,
    "updated": 1533037002
  },
  {
    "id": "0913d99f-5923-4cbf-a429-cbc211fd210a",
    "data": [
      {
        "text": "How many points do I have?",
        "userDefined": false
      }
    ],
    "isTemplate": false,
    "count": 0,
    "updated": 1533037002
  }
]