[
  {
    "id": "97cfe6f3-fac6-4ac8-a849-9278057ed4b1",
    "data": [
      {
        "text": "What do I have",
        "userDefined": false
      }
    ],
    "isTemplate": false,
    "count": 0,
    "updated": 1532186481
  },
  {
    "id": "b627252d-fd3c-46e2-aa75-eec368e4797f",
    "data": [
      {
        "text": "check inventory",
        "userDefined": false
      }
    ],
    "isTemplate": false,
    "count": 0,
    "updated": 1532186481
  },
  {
    "id": "9c971479-3420-4724-9557-726d5a9fd1a4",
    "data": [
      {
        "text": "check pockets",
        "userDefined": false
      }
    ],
    "isTemplate": false,
    "count": 0,
    "updated": 1532186481
  },
  {
    "id": "e2a8dc5c-4017-4722-a252-1152417df51f",
    "data": [
      {
        "text": "what\u0027s in my pockets",
        "userDefined": false
      }
    ],
    "isTemplate": false,
    "count": 0,
    "updated": 1532186481
  }
]