[
  {
    "id": "c088691a-53cc-4e3f-9129-2a8194f420ef",
    "data": [
      {
        "text": "examine the ",
        "userDefined": false
      },
      {
        "text": "item",
        "alias": "Item",
        "meta": "@Item",
        "userDefined": true
      }
    ],
    "isTemplate": false,
    "count": 0,
    "updated": 1533112540
  },
  {
    "id": "21f8f950-c3f8-4169-aa04-4369589fada5",
    "data": [
      {
        "text": "what\u0027s in the ",
        "userDefined": false
      },
      {
        "text": "item",
        "alias": "Item",
        "meta": "@Item",
        "userDefined": true
      },
      {
        "text": "?",
        "userDefined": false
      }
    ],
    "isTemplate": false,
    "count": 0,
    "updated": 1532595336
  },
  {
    "id": "24309bb4-2cd7-4095-855f-153bcec50e2c",
    "data": [
      {
        "text": "check out the ",
        "userDefined": false
      },
      {
        "text": "item",
        "alias": "Item",
        "meta": "@Item",
        "userDefined": false
      }
    ],
    "isTemplate": false,
    "count": 0,
    "updated": 1532595336
  },
  {
    "id": "0ad46c65-4d97-41aa-820d-8a4a19382b78",
    "data": [
      {
        "text": "inspect the ",
        "userDefined": false
      },
      {
        "text": "item",
        "alias": "Item",
        "meta": "@Item",
        "userDefined": false
      }
    ],
    "isTemplate": false,
    "count": 0,
    "updated": 1532595336
  },
  {
    "id": "530cfa36-d2a3-40da-9453-691d7441d2eb",
    "data": [
      {
        "text": "look at the ",
        "userDefined": false
      },
      {
        "text": "item",
        "alias": "Item",
        "meta": "@Item",
        "userDefined": false
      }
    ],
    "isTemplate": false,
    "count": 0,
    "updated": 1532595336
  }
]