[
  {
    "id": "ecc30eea-f868-4a13-90e6-1d289fab4777",
    "data": [
      {
        "text": "Look around",
        "userDefined": false
      }
    ],
    "isTemplate": false,
    "count": 0,
    "updated": 1532179546
  },
  {
    "id": "1a371bc4-3568-4944-b57c-6c22c1cee35a",
    "data": [
      {
        "text": "What\u0027s in the room?",
        "userDefined": false
      }
    ],
    "isTemplate": false,
    "count": 0,
    "updated": 1532179546
  },
  {
    "id": "b5a94498-e728-424c-8b80-d05e6a2d87d1",
    "data": [
      {
        "text": "What do i see?",
        "userDefined": false
      }
    ],
    "isTemplate": false,
    "count": 0,
    "updated": 1532179546
  },
  {
    "id": "6939270d-5c54-424d-a1c9-3c85c90ec1f6",
    "data": [
      {
        "text": "What is this?",
        "userDefined": false
      }
    ],
    "isTemplate": false,
    "count": 0,
    "updated": 1532179546
  }
]