[
  {
    "id": "9a72135d-a020-469d-8903-76ee541089d6",
    "data": [
      {
        "text": "pickup the ",
        "userDefined": false
      },
      {
        "text": "item",
        "alias": "Item",
        "meta": "@Item",
        "userDefined": false
      },
      {
        "text": " from the ",
        "userDefined": false
      },
      {
        "text": "item",
        "alias": "Item1",
        "meta": "@Item",
        "userDefined": false
      }
    ],
    "isTemplate": false,
    "count": 0,
    "updated": 1532557168
  },
  {
    "id": "801bd6bc-8f81-4967-ab6e-aeacd81e0df8",
    "data": [
      {
        "text": "take the ",
        "userDefined": false
      },
      {
        "text": "item",
        "alias": "Item",
        "meta": "@Item",
        "userDefined": true
      },
      {
        "text": " from the ",
        "userDefined": false
      },
      {
        "text": "item",
        "alias": "Item1",
        "meta": "@Item",
        "userDefined": true
      }
    ],
    "isTemplate": false,
    "count": 0,
    "updated": 1532557168
  },
  {
    "id": "840df865-b32c-4bc7-a0b0-a7ed1223ec11",
    "data": [
      {
        "text": "take the ",
        "userDefined": false
      },
      {
        "text": "item",
        "alias": "Item",
        "meta": "@Item",
        "userDefined": false
      }
    ],
    "isTemplate": false,
    "count": 0,
    "updated": 1532557168
  },
  {
    "id": "326b91f8-6d2e-46a5-9f71-abf8331e2872",
    "data": [
      {
        "text": "get the ",
        "userDefined": false
      },
      {
        "text": "item",
        "alias": "Item",
        "meta": "@Item",
        "userDefined": false
      }
    ],
    "isTemplate": false,
    "count": 0,
    "updated": 1532557168
  },
  {
    "id": "599faf3c-97bc-4b4d-8199-7f54dab2f74f",
    "data": [
      {
        "text": "pickup the ",
        "userDefined": false
      },
      {
        "text": "item",
        "alias": "Item",
        "meta": "@Item",
        "userDefined": false
      }
    ],
    "isTemplate": false,
    "count": 0,
    "updated": 1532557168
  }
]