[
  {
    "id": "44dfe923-eb62-421e-8c4d-eee34a91a226",
    "data": [
      {
        "text": "goodbye",
        "userDefined": false
      }
    ],
    "isTemplate": false,
    "count": 0,
    "updated": 1533037720
  },
  {
    "id": "6d572672-c80b-4f26-be68-f696b198d7e4",
    "data": [
      {
        "text": "end the game",
        "userDefined": false
      }
    ],
    "isTemplate": false,
    "count": 0,
    "updated": 1533037720
  },
  {
    "id": "69a3e74f-1ef2-48ab-9680-cedce554ce9f",
    "data": [
      {
        "text": "stop the game",
        "userDefined": false
      }
    ],
    "isTemplate": false,
    "count": 0,
    "updated": 1533037720
  },
  {
    "id": "b03fd975-7327-4631-8371-c37327f79834",
    "data": [
      {
        "text": "quit",
        "userDefined": false
      }
    ],
    "isTemplate": false,
    "count": 0,
    "updated": 1533037720
  }
]