[
  {
    "id": "71c0fc4b-761f-40ae-b024-58cee496d8a5",
    "data": [
      {
        "text": "decipher the ",
        "userDefined": false
      },
      {
        "text": "item",
        "alias": "Item",
        "meta": "@Item",
        "userDefined": true
      }
    ],
    "isTemplate": false,
    "count": 0,
    "updated": 1533038017
  },
  {
    "id": "e751c993-edd2-4ccb-b6cb-11726f0fe4bc",
    "data": [
      {
        "text": "read the ",
        "userDefined": false
      },
      {
        "text": "item",
        "alias": "Item",
        "meta": "@Item",
        "userDefined": true
      }
    ],
    "isTemplate": false,
    "count": 0,
    "updated": 1533038017
  }
]