[
  {
    "id": "e7e9a775-95d4-43d2-8f08-dca485d9527f",
    "data": [
      {
        "text": "Lock",
        "meta": "@sys.ignore",
        "userDefined": false
      },
      {
        "text": " the ",
        "userDefined": false
      },
      {
        "text": "item",
        "alias": "Item1",
        "meta": "@Item",
        "userDefined": false
      },
      {
        "text": " with the ",
        "userDefined": false
      },
      {
        "text": "item",
        "alias": "Item",
        "meta": "@Item",
        "userDefined": false
      }
    ],
    "isTemplate": false,
    "count": 0,
    "updated": 1532555571
  },
  {
    "id": "90770265-efcc-41f5-8b2e-9137b234e02b",
    "data": [
      {
        "text": "Unlock the ",
        "userDefined": false
      },
      {
        "text": "item",
        "alias": "Item1",
        "meta": "@Item",
        "userDefined": false
      },
      {
        "text": " with the ",
        "userDefined": false
      },
      {
        "text": "item",
        "alias": "Item",
        "meta": "@Item",
        "userDefined": false
      }
    ],
    "isTemplate": false,
    "count": 0,
    "updated": 1532555571
  },
  {
    "id": "17b9c647-bd4f-469c-b3de-bc25b91c8489",
    "data": [
      {
        "text": "Try the ",
        "userDefined": false
      },
      {
        "text": "item",
        "alias": "Item",
        "meta": "@Item",
        "userDefined": false
      },
      {
        "text": " on the ",
        "userDefined": false
      },
      {
        "text": "item",
        "alias": "Item1",
        "meta": "@Item",
        "userDefined": false
      }
    ],
    "isTemplate": false,
    "count": 0,
    "updated": 1532553673
  },
  {
    "id": "40855b26-cb78-465b-8f22-0eba7235cd30",
    "data": [
      {
        "text": "Use the ",
        "userDefined": false
      },
      {
        "text": "item",
        "alias": "Item",
        "meta": "@Item",
        "userDefined": false
      },
      {
        "text": " on the ",
        "userDefined": false
      },
      {
        "text": "item",
        "alias": "Item1",
        "meta": "@Item",
        "userDefined": false
      }
    ],
    "isTemplate": false,
    "count": 0,
    "updated": 1532553673
  },
  {
    "id": "76dd51d7-8911-4e99-9bec-637d2511df5a",
    "data": [
      {
        "text": "Use the ",
        "userDefined": false
      },
      {
        "text": "item",
        "alias": "Item",
        "meta": "@Item",
        "userDefined": true
      },
      {
        "text": " with the ",
        "userDefined": false
      },
      {
        "text": "item",
        "alias": "Item1",
        "meta": "@Item",
        "userDefined": true
      }
    ],
    "isTemplate": false,
    "count": 0,
    "updated": 1532553673
  }
]