[
  {
    "value": "key",
    "synonyms": [
      "key",
      "silver key",
      "large key",
      "big key"
    ]
  },
  {
    "value": "room",
    "synonyms": [
      "room",
      "chamber",
      "space"
    ]
  },
  {
    "value": "desk",
    "synonyms": [
      "desk",
      "cabinet",
      "table"
    ]
  },
  {
    "value": "lock",
    "synonyms": [
      "lock"
    ]
  },
  {
    "value": "door",
    "synonyms": [
      "door",
      "gate"
    ]
  },
  {
    "value": "drawer",
    "synonyms": [
      "drawer"
    ]
  },
  {
    "value": "small key",
    "synonyms": [
      "small key",
      "rusty key"
    ]
  },
  {
    "value": "box",
    "synonyms": [
      "box",
      "cardboard box",
      "carton"
    ]
  },
  {
    "value": "desktop",
    "synonyms": [
      "desktop",
      "surface",
      "tabletop"
    ]
  },
  {
    "value": "legs",
    "synonyms": [
      "legs",
      "table legs",
      "desk legs"
    ]
  },
  {
    "value": "item",
    "synonyms": [
      "item"
    ]
  },
  {
    "value": "paper",
    "synonyms": [
      "paper",
      "piece of paper",
      "scrap of paper"
    ]
  },
  {
    "value": "writing",
    "synonyms": [
      "text",
      "writing",
      "handwriting",
      "scribbly writing",
      "scribbles"
    ]
  }
]